{
	"class_name" : "PinholeCameraParameters",
	"extrinsic" : 
	[
		0.020585956058886013,
		-0.5356004081938357,
		0.84422059981721498,
		0.0,
		-0.99902948300881855,
		-0.043907560981321481,
		-0.0034954495854274126,
		0.0,
		0.038939831692938062,
		-0.84332931220921536,
		-0.53598447801821403,
		0.0,
		0.056697696933971482,
		0.49308349995827161,
		1.0299330358394521,
		1.0
	],
	"intrinsic" : 
	{
		"height" : 1080,
		"intrinsic_matrix" : 
		[
			935.30743608719376,
			0.0,
			0.0,
			0.0,
			935.30743608719376,
			0.0,
			927.0,
			539.5,
			1.0
		],
		"width" : 1855
	},
	"version_major" : 1,
	"version_minor" : 0
}