{
	"class_name" : "PinholeCameraParameters",
	"extrinsic" : 
	[
		-0.0055392160175004607,
		-0.36640210167071813,
		0.93044012003846455,
		0.0,
		-0.99998442428223466,
		0.0013928829461458936,
		-0.0054047266375165364,
		0.0,
		0.00068430902333025691,
		-0.9304555657141178,
		-0.36640411017451963,
		0.0,
		0.090785944003410599,
		0.66534857806948766,
		0.920342496210661,
		1.0
	],
	"intrinsic" : 
	{
		"height" : 1080,
		"intrinsic_matrix" : 
		[
			935.30743608719376,
			0.0,
			0.0,
			0.0,
			935.30743608719376,
			0.0,
			927.0,
			539.5,
			1.0
		],
		"width" : 1855
	},
	"version_major" : 1,
	"version_minor" : 0
}