{
	"class_name" : "PinholeCameraParameters",
	"extrinsic" : 
	[
		-0.10251580356702666,
		-0.31158599335920634,
		0.94467173068816002,
		0.0,
		-0.99447515797150943,
		0.010550095147593048,
		-0.10444068014867584,
		0.0,
		0.022575876429234819,
		-0.95015938885785545,
		-0.31094608144937053,
		0.0,
		0.013609786820243251,
		0.7178983586024742,
		0.96927967736495824,
		1.0
	],
	"intrinsic" : 
	{
		"height" : 1080,
		"intrinsic_matrix" : 
		[
			935.30743608719376,
			0.0,
			0.0,
			0.0,
			935.30743608719376,
			0.0,
			660.0,
			539.5,
			1.0
		],
		"width" : 1321
	},
	"version_major" : 1,
	"version_minor" : 0
}