{
	"class_name" : "PinholeCameraParameters",
	"extrinsic" : 
	[
		0.92888334593154198,
		-0.23414050040597514,
		0.2869737892572472,
		0.0,
		-0.37008754478143169,
		-0.55638207645564164,
		0.74395846268226584,
		0.0,
		-0.014523733978394793,
		-0.79725605113322795,
		-0.60346652772359854,
		0.0,
		0.49618148178780852,
		0.65354834292877217,
		0.85993840547319622,
		1.0
	],
	"intrinsic" : 
	{
		"height" : 1080,
		"intrinsic_matrix" : 
		[
			935.30743608719376,
			0.0,
			0.0,
			0.0,
			935.30743608719376,
			0.0,
			927.0,
			539.5,
			1.0
		],
		"width" : 1855
	},
	"version_major" : 1,
	"version_minor" : 0
}