{
	"class_name" : "PinholeCameraParameters",
	"extrinsic" : 
	[
		-0.079827936286048382,
		-0.33637869800616588,
		0.93833729123166976,
		0.0,
		-0.99676483289299078,
		0.018110209089524463,
		-0.078306374162913278,
		0.0,
		0.0093471116458008832,
		-0.94155264953926521,
		-0.33673615732420326,
		0.0,
		0.031812455699355535,
		0.68619621246288809,
		0.97755844417174975,
		1.0
	],
	"intrinsic" : 
	{
		"height" : 1080,
		"intrinsic_matrix" : 
		[
			935.30743608719376,
			0.0,
			0.0,
			0.0,
			935.30743608719376,
			0.0,
			627.0,
			539.5,
			1.0
		],
		"width" : 1255
	},
	"version_major" : 1,
	"version_minor" : 0
}