{
	"class_name" : "PinholeCameraParameters",
	"extrinsic" : 
	[
		-0.20505226137416346,
		-0.44452554573868375,
		0.87198085374110545,
		0.0,
		-0.97773894028598762,
		0.052528466896962472,
		-0.20314360638200904,
		0.0,
		0.044498705079762196,
		-0.89422469175883312,
		-0.44540101694433104,
		0.0,
		-0.060336501466500339,
		0.57271969817240165,
		0.99512306877499468,
		1.0
	],
	"intrinsic" : 
	{
		"height" : 1080,
		"intrinsic_matrix" : 
		[
			935.30743608719376,
			0.0,
			0.0,
			0.0,
			935.30743608719376,
			0.0,
			927.0,
			539.5,
			1.0
		],
		"width" : 1855
	},
	"version_major" : 1,
	"version_minor" : 0
}