{
	"class_name" : "PinholeCameraParameters",
	"extrinsic" : 
	[
		-0.2351122222015001,
		-0.45000604033948094,
		0.86152005584864588,
		0.0,
		-0.97186516362109809,
		0.095933923032667012,
		-0.21511575058860441,
		0.0,
		0.014154388408150267,
		-0.88785767219163225,
		-0.45990043185373009,
		0.0,
		-0.048584687909553503,
		0.56196149705850007,
		0.96979804950101345,
		1.0
	],
	"intrinsic" : 
	{
		"height" : 1080,
		"intrinsic_matrix" : 
		[
			935.30743608719376,
			0.0,
			0.0,
			0.0,
			935.30743608719376,
			0.0,
			927.0,
			539.5,
			1.0
		],
		"width" : 1855
	},
	"version_major" : 1,
	"version_minor" : 0
}