{
	"class_name" : "PinholeCameraParameters",
	"extrinsic" : 
	[
		-0.023765294043611499,
		-0.48014677118101368,
		0.87686617503668596,
		0.0,
		-0.99878189095117365,
		0.049343000890243648,
		-5.0706444520709669e-05,
		0.0,
		-0.043242861919845048,
		-0.87579926146782794,
		-0.48073455097942408,
		0.0,
		0.12490902568943141,
		0.56305028500408461,
		1.0231209276338611,
		1.0
	],
	"intrinsic" : 
	{
		"height" : 1080,
		"intrinsic_matrix" : 
		[
			935.30743608719376,
			0.0,
			0.0,
			0.0,
			935.30743608719376,
			0.0,
			927.0,
			539.5,
			1.0
		],
		"width" : 1855
	},
	"version_major" : 1,
	"version_minor" : 0
}