{
	"class_name" : "PinholeCameraParameters",
	"extrinsic" : 
	[
		-0.084249841331043587,
		-0.63574313014648698,
		0.7672891480447519,
		0.0,
		-0.9964408173288255,
		0.051613122746728017,
		-0.066646703754901351,
		0.0,
		0.0027679950788204589,
		-0.77017320002183809,
		-0.63782880161636279,
		0.0,
		0.037409792183698477,
		0.36947781098593796,
		1.086874425811267,
		1.0
	],
	"intrinsic" : 
	{
		"height" : 1080,
		"intrinsic_matrix" : 
		[
			935.30743608719376,
			0.0,
			0.0,
			0.0,
			935.30743608719376,
			0.0,
			927.0,
			539.5,
			1.0
		],
		"width" : 1855
	},
	"version_major" : 1,
	"version_minor" : 0
}