{
	"class_name" : "PinholeCameraParameters",
	"extrinsic" : 
	[
		-0.28517843435489043,
		-0.47997246531039356,
		0.82963829053555416,
		0.0,
		-0.95825338756641842,
		0.12418587399383257,
		-0.25754283899551855,
		0.0,
		0.020584115146809832,
		-0.86844936596456279,
		-0.49535037393684461,
		0.0,
		-0.0799567496412604,
		0.52901340245022554,
		1.2324145701508109,
		1.0
	],
	"intrinsic" : 
	{
		"height" : 1080,
		"intrinsic_matrix" : 
		[
			935.30743608719376,
			0.0,
			0.0,
			0.0,
			935.30743608719376,
			0.0,
			927.0,
			539.5,
			1.0
		],
		"width" : 1855
	},
	"version_major" : 1,
	"version_minor" : 0
}