{
	"class_name" : "PinholeCameraParameters",
	"extrinsic" : 
	[
		-0.03351119296215934,
		-0.39710307698458475,
		0.91716200651554913,
		0.0,
		-0.99942270865421223,
		0.018447472113901017,
		-0.02852963720212089,
		0.0,
		-0.0055901138209090073,
		-0.91758859900392287,
		-0.39749202961252889,
		0.0,
		0.087648722403379689,
		0.64267470733946874,
		0.99760693843937331,
		1.0
	],
	"intrinsic" : 
	{
		"height" : 1080,
		"intrinsic_matrix" : 
		[
			935.30743608719376,
			0.0,
			0.0,
			0.0,
			935.30743608719376,
			0.0,
			611.5,
			539.5,
			1.0
		],
		"width" : 1224
	},
	"version_major" : 1,
	"version_minor" : 0
}