{
	"class_name" : "PinholeCameraParameters",
	"extrinsic" : 
	[
		-0.15797950548557613,
		-0.40198916971761195,
		0.90191306858049125,
		0.0,
		-0.98678001667046122,
		0.03082093081327043,
		-0.1591077274165151,
		0.0,
		0.036161782953517282,
		-0.9151255529453588,
		-0.4015439550037756,
		0.0,
		-0.042247084495995353,
		0.61864677097999876,
		1.0196865463469824,
		1.0
	],
	"intrinsic" : 
	{
		"height" : 1080,
		"intrinsic_matrix" : 
		[
			935.30743608719376,
			0.0,
			0.0,
			0.0,
			935.30743608719376,
			0.0,
			735.0,
			539.5,
			1.0
		],
		"width" : 1471
	},
	"version_major" : 1,
	"version_minor" : 0
}