{
	"class_name" : "PinholeCameraParameters",
	"extrinsic" : 
	[
		-0.016099115039666653,
		-0.56679508238254939,
		0.82370149513151836,
		0.0,
		-0.99986029310171631,
		0.012830197875492324,
		-0.010713556880221808,
		0.0,
		-0.0044958618183408086,
		-0.82375889713522066,
		-0.5669224520312065,
		0.0,
		0.07773237885735941,
		0.49414690162992136,
		1.2476845963897802,
		1.0
	],
	"intrinsic" : 
	{
		"height" : 1080,
		"intrinsic_matrix" : 
		[
			935.30743608719376,
			0.0,
			0.0,
			0.0,
			935.30743608719376,
			0.0,
			927.0,
			539.5,
			1.0
		],
		"width" : 1855
	},
	"version_major" : 1,
	"version_minor" : 0
}