{
	"class_name" : "PinholeCameraParameters",
	"extrinsic" : 
	[
		-0.034646673548931778,
		-0.39939464657724022,
		0.91612418606727941,
		0.0,
		-0.99935639948899357,
		0.022370909119300293,
		-0.028041562466652195,
		0.0,
		-0.009294880977661903,
		-0.91650611493356526,
		-0.39991267356385907,
		0.0,
		0.071457154259171263,
		0.62538539788402714,
		0.99653989531026654,
		1.0
	],
	"intrinsic" : 
	{
		"height" : 1080,
		"intrinsic_matrix" : 
		[
			935.30743608719376,
			0.0,
			0.0,
			0.0,
			935.30743608719376,
			0.0,
			644.0,
			539.5,
			1.0
		],
		"width" : 1289
	},
	"version_major" : 1,
	"version_minor" : 0
}