{
	"class_name" : "PinholeCameraParameters",
	"extrinsic" : 
	[
		-0.085634421457292914,
		-0.40133556205097204,
		0.91191913703732808,
		0.0,
		-0.99605594101159434,
		0.013151524071524747,
		-0.087747363436764494,
		0.0,
		0.023223010941354302,
		-0.91583666887050696,
		-0.40087889407524474,
		0.0,
		0.018103002222084247,
		0.63279054155039138,
		0.93681078838034981,
		1.0
	],
	"intrinsic" : 
	{
		"height" : 1080,
		"intrinsic_matrix" : 
		[
			935.30743608719376,
			0.0,
			0.0,
			0.0,
			935.30743608719376,
			0.0,
			927.0,
			539.5,
			1.0
		],
		"width" : 1855
	},
	"version_major" : 1,
	"version_minor" : 0
}