{
	"class_name" : "PinholeCameraParameters",
	"extrinsic" : 
	[
		0.00072013886318504725,
		-0.86544926607760164,
		0.50099605711598016,
		0.0,
		-0.99996498081187857,
		0.0035539741596093649,
		0.0075767022887380988,
		0.0,
		-0.0083377784761332428,
		-0.50098396891858088,
		-0.8654163993920323,
		0.0,
		0.10290456137584637,
		0.074106704034393109,
		0.30146175483713011,
		1.0
	],
	"intrinsic" : 
	{
		"height" : 1080,
		"intrinsic_matrix" : 
		[
			935.30743608719376,
			0.0,
			0.0,
			0.0,
			935.30743608719376,
			0.0,
			927.0,
			539.5,
			1.0
		],
		"width" : 1855
	},
	"version_major" : 1,
	"version_minor" : 0
}