{
	"class_name" : "PinholeCameraParameters",
	"extrinsic" : 
	[
		0.085846932349802701,
		-0.45620336968307201,
		0.88572500794317588,
		0.0,
		-0.9954715360197931,
		-0.0028470839581906521,
		0.095017446226094884,
		0.0,
		-0.040825545685541274,
		-0.88987099042655926,
		-0.45438188257976619,
		0.0,
		0.17333874289406126,
		0.56898621038880914,
		0.9685130532690942,
		1.0
	],
	"intrinsic" : 
	{
		"height" : 1080,
		"intrinsic_matrix" : 
		[
			935.30743608719376,
			0.0,
			0.0,
			0.0,
			935.30743608719376,
			0.0,
			927.0,
			539.5,
			1.0
		],
		"width" : 1855
	},
	"version_major" : 1,
	"version_minor" : 0
}